<?xml version="1.0" encoding="UTF-8"?>
<project-private xmlns="http://www.netbeans.org/ns/project-private/1">
    <editor-bookmarks xmlns="http://www.netbeans.org/ns/editor-bookmarks/1">
        <file>
            <url>src/tt/Timetable.java</url>
            <line>238</line>
            <line>453</line>
        </file>
        <file>
            <url>src/tt/Connections.java</url>
            <line>190</line>
            <line>202</line>
            <line>299</line>
            <line>497</line>
            <line>568</line>
            <line>1095</line>
        </file>
        <file>
            <url>src/tt/Format.java</url>
            <line>218</line>
        </file>
    </editor-bookmarks>
    <editor-bookmarks xmlns="http://www.netbeans.org/ns/editor-bookmarks/2" lastBookmarkId="0"/>
</project-private>
